transaction_id,customer_id,amount,status,transaction_date
T00000,C000,124.84,completed,2023-07-09
T00001,C001,93.09,completed,2023-05-16
T00002,C002,132.38,completed,2023-02-12
T00003,C003,176.15,failed,2023-12-19
T00004,C004,88.29,completed,2023-03-31
T00006,C005,88.29,pending,2023-10-22
T00006,C006,178.96,completed,2023-12-07
T00007,C007,138.37,completed,2023-09-02
T00008,C008,76.53,failed,2023-07-11
T00009,C009,127.13,failed,2023-11-14
T00010,C010,76.83,failed,2023-04-16
T00011,C011,76.71,failed,2023-12-29
T00012,C012,112.1,completed,2023-11-06
T00013,C013,4.34,failed,2023-08-21
T00014,C014,13.75,completed,2023-09-22
T00015,C015,71.89,failed,2023-12-10
T00016,C016,49.36,completed,2023-02-06
T00017,C017,115.71,failed,2023-11-01
T00018,C018,54.6,completed,2023-02-10
T00019,C019,29.38,completed,2023-01-17
T00020,C020,173.28,completed,2023-12-10
T00021,C021,88.71,failed,2023-10-04
T00022,C022,103.38,completed,2023-11-03
T00023,C023,28.76,completed,2023-02-28
T00024,C024,72.78,completed,2023-07-02
T00025,C025,105.55,completed,2023-02-10
T00026,C026,42.45,failed,2023-02-08
T00027,C027,118.78,completed,2023-07-11
T00028,C028,,pending,2023-09-24
T00029,C029,85.42,completed,2023-05-27
T00030,C030,69.91,completed,2023-11-29
T00031,C031,192.61,failed,2023-05-07
T00032,C032,,completed,2023-02-15
T00033,C033,47.11,completed,2023-02-14
T00034,C034,141.13,completed,2023-01-01
T00035,C035,38.96,failed,2023-06-17
T00036,C036,110.44,completed,2023-04-18
T00037,C037,2.02,pending,2023-01-19
T00038,C038,33.59,pending,2023-11-28
T00039,C039,109.84,completed,2023-03-13
T00040,C040,136.92,completed,2023-04-19
T00041,C041,108.57,completed,2023-09-25
T00042,C042,94.22,completed,2023-08-28
T00043,C043,84.94,completed,2023-10-28
T00044,C044,26.07,completed,2023-03-31
T00045,C045,64.01,completed,2023-04-13
T00046,C046,76.97,failed,2023-09-07
T00047,C047,152.86,failed,2023-01-08
T00048,C048,117.18,failed,2023-06-02
T00049,C049,11.85,completed,2023-12-13
T00050,C050,116.2,completed,2023-06-23
T00051,C051,80.75,completed,2023-12-09
T00052,C052,66.15,pending,2023-06-07
T00053,C053,130.58,completed,2023-08-03
T00054,C054,151.55,failed,2023-06-26
T00055,C055,146.56,completed,2023-06-24
T00056,C056,58.04,completed,2023-12-06
T00057,C057,84.54,failed,2023-12-04
T00058,C058,116.56,completed,2023-05-26
T00059,C059,148.78,failed,2023-11-20
T00060,,76.04,pending,2023-06-10
T00061,C061,90.72,completed,2023-05-07
T00062,C062,44.68,completed,2023-03-23
T00063,C063,40.19,completed,2023-05-27
T00064,C064,140.63,pending,2023-08-27
T00065,C065,167.81,completed,2023-03-25
T00066,C066,-125.36,completed,2023-04-23
T00067,,150.18,completed,2023-08-13
T00068,C068,118.08,failed,2023-11-28
T00069,C069,67.74,completed,2023-08-31
T00070,C070,118.07,failed,2023-05-23
T00071,C071,,pending,2023-02-10
T00072,C072,98.21,completed,2023-09-15
T00073,C073,178.23,completed,2023-10-12
T00074,C074,-30.99,pending,2023-04-15
T00075,C075,141.1,completed,2023-07-21
T00076,C076,104.35,failed,2023-11-03
T00077,C077,85.05,completed,2023-11-27
T00078,C078,104.59,completed,2023-09-23
T00079,C079,0.62,failed,2023-07-29
T00080,C080,89.02,completed,2023-02-20
T00081,C081,117.86,completed,2023-04-28
T00082,C082,173.89,completed,2023-07-20
T00083,C083,74.09,completed,2023-02-08
T00084,C084,-82.87,completed,2023-01-28
T00085,C085,74.91,completed,2023-09-16
T00086,C086,145.77,pending,2023-03-25
T00087,C087,116.44,completed,2023-06-04
T00088,C088,73.51,completed,2023-04-27
T00089,C089,125.66,completed,2023-01-02
T00090,C090,104.85,failed,2023-04-03
T00091,C091,148.43,completed,2023-06-15
T00092,C092,64.9,pending,2023-12-16
T00093,C093,83.62,completed,2023-10-23
T00094,C094,80.39,completed,2023-09-15
T00095,C095,26.82,completed,2023-03-22
T00096,C096,114.81,completed,2023-09-25
T00097,C097,113.05,completed,2023-08-23
T00098,C098,100.26,completed,2023-11-17
T00099,C099,88.27,failed,2023-11-07
T00100,C000,29.23,completed,2023-10-28
T00101,C001,78.97,completed,2023-12-23
T00102,C002,82.86,completed,2023-08-01
T00103,C003,59.89,failed,2023-03-03
T00104,C004,91.94,completed,2023-02-18
T00105,C005,120.2,completed,2023-05-07
T00106,C006,194.31,completed,2023-08-11
T00107,C007,108.73,failed,2023-10-06
T00108,C008,112.88,completed,2023-10-21
T00109,C009,96.28,completed,2023-10-11
T00110,C010,4.06,failed,2023-10-04
T00111,C011,98.67,failed,2023-04-17
T00112,C012,103.01,completed,2023-05-26
T00113,C013,223.16,failed,2023-04-09
T00114,C014,90.38,completed,2023-03-14
T00115,C015,115.08,completed,2023-05-02
T00116,C016,98.26,completed,2023-01-30
T00117,C017,41.57,completed,2023-07-07
T00118,C018,157.14,completed,2023-12-30
T00119,C019,137.6,pending,2023-12-20
T00120,C020,139.55,completed,2023-10-15
T00121,C021,54.53,completed,2023-07-14
T00122,C022,170.14,completed,2023-06-05
T00123,C023,29.91,pending,2023-06-21
T00124,C024,129.34,completed,2023-12-01
T00125,C025,-23.72,completed,2023-02-10
T00126,C026,50.47,completed,2023-03-04
T00127,C027,71.69,completed,2023-01-23
T00128,C028,104.98,pending,2023-12-26
T00129,C029,74.83,pending,2023-03-16
T00130,C030,22.47,completed,2023-02-17
T00131,C031,103.43,pending,2023-06-09
T00132,C032,46.88,completed,2023-11-09
T00133,C033,123.68,failed,2023-04-28
T00134,C034,54.03,completed,2023-04-10
T00135,C035,,completed,2023-06-16
T00136,C036,60.84,completed,2023-10-17
T00137,C037,83.9,completed,2023-06-05
T00138,C038,140.68,completed,2023-01-07
T00139,C039,38.46,completed,2023-07-15
T00140,C040,111.37,completed,2023-02-25
T00141,C041,,failed,2023-11-17
T00142,C042,19.63,completed,2023-07-12
T00143,C043,109.23,completed,2023-02-16
T00144,,112.99,pending,2023-05-28
T00145,C045,139.09,completed,2023-10-02
T00146,C046,38.15,completed,2023-06-06
T00147,C047,33.98,completed,2023-07-21
T00148,C048,126.1,failed,2023-05-06
T00149,C049,114.85,completed,2023-11-01
T00150,C050,112.52,completed,2023-10-21
T00151,C051,117.32,failed,2023-03-05
T00152,C052,66.0,pending,2023-11-21
T00153,C053,111.61,completed,2023-06-25
T00154,C054,114.65,completed,2023-04-26
T00155,C055,64.28,completed,2023-07-23
T00156,C056,193.29,failed,2023-11-17
T00157,C057,123.69,completed,2023-01-31
T00158,C058,40.43,completed,2023-04-23
T00159,C059,132.83,pending,2023-12-31
T00160,C060,51.27,completed,2023-11-21
T00161,C061,139.35,completed,2023-12-10
T00162,C062,157.93,completed,2023-03-08
T00163,C063,58.97,completed,2023-03-16
T00164,C064,148.17,completed,2023-02-14
T00165,C065,120.64,completed,2023-09-17
T00166,C066,141.1,completed,2023-06-03
T00167,C067,-138.54,completed,2023-06-04
T00168,C068,87.73,pending,2023-12-29
T00169,C069,62.31,completed,2023-08-22
T00170,C070,55.52,pending,2023-02-20
T00171,C071,59.21,completed,2023-11-02
T00172,C072,96.14,failed,2023-09-19
T00173,C073,117.06,failed,2023-11-11
T00174,C074,113.83,completed,2023-05-05
T00175,C075,141.36,failed,2023-09-02
T00176,C076,100.65,failed,2023-01-30
T00177,C077,172.68,completed,2023-05-02
T00178,C078,86.77,completed,2023-05-05
T00179,C079,236.01,completed,2023-02-06
T00180,C080,131.28,failed,2023-06-19
T00181,C081,57.14,failed,2023-05-04
T00182,C082,46.46,failed,2023-12-23
T00183,C083,124.12,completed,2023-02-04
T00184,C084,88.83,failed,2023-03-28
T00185,C085,135.7,completed,2023-05-14
T00186,C086,123.66,completed,2023-07-15
T00187,C087,96.36,completed,2023-10-01
T00188,C088,57.66,completed,2023-07-20
T00189,C089,24.26,completed,2023-10-12
T00190,C090,77.67,completed,2023-03-18
T00191,C091,142.82,completed,2023-02-28
T00192,C092,110.7,completed,2023-05-06
T00193,C093,37.71,completed,2023-04-19
T00194,C094,108.66,completed,2023-08-12
T00195,C095,119.27,completed,2023-10-05
T00196,C096,55.81,completed,2023-03-09
T00197,C097,107.69,completed,2023-03-10
T00198,C098,102.91,completed,2023-06-14
T00199,C099,42.85,completed,2023-11-01
T00200,C000,117.89,completed,2023-06-11
T00201,C001,128.04,completed,2023-12-31
T00202,C002,154.15,completed,2023-12-08
T00203,C003,152.69,failed,2023-11-05
T00204,C004,31.12,completed,2023-12-09
T00205,C005,53.11,completed,2023-02-11
T00206,C006,125.75,completed,2023-12-20
T00207,C007,125.69,completed,2023-04-19
T00208,C008,125.75,completed,2023-02-20
T00209,C009,292.64,completed,2023-09-07
T00210,C010,128.54,completed,2023-12-07
T00211,C011,156.78,completed,2023-01-21
T00212,C012,-153.27,completed,2023-10-27
T00213,C013,132.57,failed,2023-05-19
T00214,C014,84.24,failed,2023-12-25
T00215,C015,137.95,failed,2023-11-20
T00216,C016,61.36,pending,2023-04-02
T00217,C017,88.16,completed,2023-10-07
T00218,C018,75.73,completed,2023-05-05
T00219,C019,104.09,completed,2023-04-21
T00220,C020,215.73,completed,2023-12-20
T00221,C021,6.64,failed,2023-05-19
T00222,C022,,completed,2023-09-30
T00223,C023,19.36,pending,2023-04-09
T00224,C024,76.4,completed,2023-09-09
T00225,C025,154.45,pending,2023-12-04
T00226,C026,103.21,completed,2023-04-14
T00227,C027,46.11,completed,2023-08-02
T00228,C028,64.23,completed,2023-09-06
T00229,C029,133.98,completed,2023-06-01
T00230,C030,63.48,completed,2023-09-07
T00231,C031,110.82,completed,2023-10-02
T00232,C032,102.28,failed,2023-06-14
T00233,C033,67.42,completed,2023-12-07
T00234,C034,207.2,completed,2023-01-08
T00235,C035,131.7,completed,2023-10-11
T00236,C036,-1.26,failed,2023-01-05
T00237,C037,109.32,completed,2023-05-25
T00238,C038,66.91,completed,2023-04-11
T00239,C039,142.62,completed,2023-06-13
T00240,C040,60.37,completed,2023-05-27
T00241,C041,94.26,completed,2023-03-05
T00242,C042,125.25,completed,2023-04-01
T00243,C043,143.29,completed,2023-04-27
T00244,C044,39.99,failed,2023-12-20
T00245,C045,83.27,completed,2023-09-24
T00246,C046,76.25,completed,2023-11-06
T00247,C047,67.33,completed,2023-06-22
T00248,C048,188.27,pending,2023-02-16
T00249,C049,120.25,completed,2023-05-20
T00250,C050,36.96,failed,2023-09-03
T00251,C051,145.89,completed,2023-05-29
T00252,C052,206.11,completed,2023-09-03
T00253,C053,,completed,2023-01-05
T00254,C054,24.03,pending,2023-07-03
T00255,C055,75.79,completed,2023-01-20
T00256,C056,163.35,failed,2023-02-15
T00257,C057,64.62,failed,2023-01-12
T00258,C058,122.19,completed,2023-03-11
T00259,C059,138.73,completed,2023-01-17
T00260,C060,53.65,completed,2023-05-27
T00261,C061,97.02,completed,2023-06-03
T00262,C062,-62.06,failed,2023-10-31
T00263,C063,48.78,pending,2023-04-18
T00264,C064,87.37,completed,2023-08-24
T00265,C065,37.61,completed,2023-11-04
T00266,C066,181.62,failed,2023-12-18
T00267,C067,28.49,completed,2023-03-11
T00268,C068,78.0,failed,2023-07-02
T00269,C069,106.54,completed,2023-09-07
T00270,C070,172.06,completed,2023-08-16
T00271,C071,28.21,completed,2023-04-12
T00272,C072,158.16,completed,2023-03-16
T00273,C073,100.51,completed,2023-08-04
T00274,C074,50.92,completed,2023-07-22
T00275,C075,123.11,completed,2023-07-11
T00276,C076,109.95,failed,2023-09-06
T00277,C077,69.99,failed,2023-08-30
T00278,C078,-137.57,completed,2023-06-28
T00279,C079,80.73,completed,2023-08-07
T00280,C080,105.68,completed,2023-03-23
T00281,C081,133.11,completed,2023-04-02
T00282,C082,179.3,completed,2023-06-24
T00283,C083,38.11,completed,2023-08-27
T00284,C084,206.65,completed,2023-09-17
T00285,C085,2.4,completed,2023-12-31
T00286,C086,92.41,completed,2023-06-12
T00287,C087,129.42,completed,2023-02-17
T00288,C088,114.05,pending,2023-11-25
T00289,C089,68.87,completed,2023-11-24
T00290,C090,89.59,completed,2023-04-26
T00291,C091,-104.85,completed,2023-12-03
T00292,C092,70.53,completed,2023-12-03
T00293,,142.48,failed,2023-08-13
T00294,C094,117.85,completed,2023-12-18
T00295,C095,65.35,pending,2023-11-24
T00296,C096,144.98,completed,2023-05-27
T00297,C097,115.36,completed,2023-03-04
T00298,C098,,failed,2023-10-21
T00299,C099,131.48,completed,2023-11-19
T00300,C000,,completed,2023-11-21
T00301,C001,71.99,completed,2023-01-13
T00302,C002,137.36,completed,2023-07-08
T00303,C003,130.52,failed,2023-10-14
T00304,C004,98.95,completed,2023-07-27
T00305,C005,105.87,completed,2023-04-24
T00306,C006,163.88,completed,2023-01-22
T00307,C007,70.42,completed,2023-12-15
T00308,C008,127.35,completed,2023-08-02
T00309,C009,89.89,completed,2023-06-20
T00310,C010,89.12,completed,2023-11-19
T00311,C011,154.94,failed,2023-02-23
T00312,C012,141.27,completed,2023-10-25
T00313,C013,140.68,completed,2023-11-16
T00314,C014,165.27,failed,2023-05-06
T00315,C015,101.05,completed,2023-10-04
T00316,C016,134.1,completed,2023-07-23
T00317,C017,-36.16,completed,2023-07-13
T00318,C018,-157.91,completed,2023-06-18
T00319,C019,-116.72,completed,2023-06-01
T00320,C020,104.85,pending,2023-02-04
T00321,C021,129.76,completed,2023-07-03
T00322,C022,59.09,completed,2023-10-13
T00323,C023,204.62,failed,2023-02-26
T00324,C024,49.7,completed,2023-08-10
T00325,C025,39.29,completed,2023-10-30
T00326,C026,157.91,completed,2023-06-12
T00327,C027,139.58,pending,2023-01-19
T00328,C028,131.21,completed,2023-09-21
T00329,C029,131.42,completed,2023-10-09
T00330,C030,99.39,completed,2023-04-23
T00331,C031,55.14,completed,2023-11-23
T00332,C032,103.79,completed,2023-01-30
T00333,C033,66.14,completed,2023-05-15
T00334,C034,148.76,failed,2023-03-08
T00335,C035,92.65,completed,2023-03-06
T00336,C036,58.73,completed,2023-10-19
T00337,C037,,failed,2023-01-25
T00338,C038,120.65,pending,2023-02-06
T00339,C039,71.81,completed,2023-01-01
T00340,C040,58.89,completed,2023-02-06
T00341,C041,112.18,completed,2023-05-21
T00342,C042,112.25,pending,2023-08-20
T00343,C043,74.65,pending,2023-05-16
T00344,C044,76.45,completed,2023-07-07
T00345,C045,111.6,failed,2023-05-08
T00346,C046,27.6,completed,2023-07-20
T00347,C047,29.63,completed,2023-05-07
T00348,C048,64.08,completed,2023-09-14
T00349,C049,,failed,2023-06-13
T00350,C050,115.55,completed,2023-02-04
T00351,C051,173.77,failed,2023-07-13
T00352,C052,142.88,failed,2023-07-10
T00353,C053,92.0,failed,2023-04-14
T00354,C054,99.05,completed,2023-01-23
T00355,C055,49.87,completed,2023-09-22
T00356,C056,99.07,completed,2023-10-17
T00357,C057,85.57,completed,2023-09-17
T00358,C058,116.14,completed,2023-12-24
T00359,C059,58.64,pending,2023-03-16
T00360,C060,125.97,completed,2023-12-21
T00361,C061,176.64,completed,2023-03-13
T00362,,94.56,completed,2023-09-16
T00363,C063,120.09,completed,2023-07-07
T00364,C064,-28.21,completed,2023-06-22
T00365,C065,79.94,completed,2023-10-17
T00366,C066,111.2,pending,2023-02-14
T00367,C067,100.63,completed,2023-03-02
T00368,C068,104.88,pending,2023-03-24
T00369,C069,61.35,failed,2023-05-03
T00370,C070,101.23,completed,2023-12-24
T00371,C071,124.9,pending,2023-01-16
T00372,C072,172.56,completed,2023-03-07
T00373,C073,147.96,failed,2023-05-25
T00374,C074,207.66,completed,2023-06-11
T00375,C075,61.63,failed,2023-08-22
T00376,C076,143.62,failed,2023-05-24
T00377,C077,109.17,failed,2023-12-24
T00378,C078,209.49,failed,2023-07-07
T00379,C079,59.59,completed,2023-11-18
T00380,C080,58.01,completed,2023-01-13
T00381,C081,70.03,completed,2023-07-03
T00382,C082,-6.19,completed,2023-04-21
T00383,C083,73.71,completed,2023-10-17
T00384,C084,62.04,completed,2023-10-22
T00385,C085,107.52,pending,2023-08-03
T00386,C086,-103.43,completed,2023-04-30
T00387,C087,193.81,failed,2023-02-24
T00388,C088,147.52,completed,2023-01-27
T00389,C089,71.15,failed,2023-04-28
T00390,C090,55.08,pending,2023-08-09
T00391,C091,124.6,completed,2023-08-19
T00392,C092,33.99,completed,2023-02-22
T00393,C093,191.57,failed,2023-10-22
T00394,C094,158.97,completed,2023-11-17
T00395,C095,76.54,completed,2023-08-21
T00396,C096,14.34,completed,2023-06-07
T00397,C097,167.69,completed,2023-09-26
T00398,C098,94.27,completed,2023-01-21
T00399,C099,161.89,completed,2023-02-22
T00400,C000,20.28,completed,2023-10-02
T00401,C001,70.03,completed,2023-11-09
T00402,C002,100.26,pending,2023-10-08
T00403,C003,102.35,completed,2023-08-02
T00404,C004,77.5,pending,2023-01-31
T00405,C005,131.14,completed,2023-12-03
T00406,C006,46.62,completed,2023-07-02
T00407,C007,92.88,completed,2023-01-23
T00408,C008,106.01,completed,2023-02-01
T00409,C009,125.72,completed,2023-03-15
T00410,C010,135.58,completed,2023-01-10
T00411,C011,43.77,completed,2023-02-23
T00412,C012,23.29,completed,2023-02-21
T00413,C013,163.88,completed,2023-05-28
T00414,C014,116.62,completed,2023-06-09
T00415,C015,62.58,completed,2023-01-14
T00416,C016,177.56,failed,2023-06-27
T00417,C017,105.78,completed,2023-02-22
T00418,C018,158.96,completed,2023-12-01
T00419,C019,103.38,pending,2023-01-22
T00420,C020,203.04,completed,2023-01-30
T00421,C021,187.77,completed,2023-07-10
T00422,C022,87.55,pending,2023-09-17
T00423,C023,148.58,completed,2023-07-24
T00424,C024,132.27,completed,2023-02-28
T00425,C025,168.43,completed,2023-09-21
T00426,C026,51.75,completed,2023-01-12
T00427,C027,134.3,completed,2023-04-29
T00428,C028,152.92,completed,2023-10-17
T00429,C029,12.06,completed,2023-12-04
T00430,C030,40.84,completed,2023-09-05
T00431,C031,-1.96,pending,2023-12-20
T00432,C032,86.53,failed,2023-05-07
T00433,C033,135.88,completed,2023-03-16
T00434,C034,175.12,completed,2023-12-27
T00435,C035,103.7,completed,2023-07-23
T00436,C036,181.43,completed,2023-02-18
T00437,C037,30.99,completed,2023-03-20
T00438,C038,14.83,completed,2023-08-29
T00439,C039,97.22,failed,2023-12-15
T00440,C040,119.2,completed,2023-06-03
T00441,C041,98.37,completed,2023-10-01
T00442,C042,-3.37,completed,2023-04-06
T00443,C043,95.54,completed,2023-08-02
T00444,C044,34.78,failed,2023-10-21
T00445,C045,133.48,failed,2023-07-28
T00446,C046,118.33,failed,2023-12-09
T00447,C047,53.01,completed,2023-03-29
T00448,C048,74.31,completed,2023-11-02
T00449,C049,47.04,completed,2023-09-21
T00450,C050,96.87,completed,2023-11-21
T00451,C051,147.76,completed,2023-11-16
T00452,C052,50.71,failed,2023-06-06
T00453,C053,125.2,completed,2023-06-05
T00454,C054,73.49,completed,2023-05-19
T00455,C055,60.36,completed,2023-05-01
T00456,C056,94.65,completed,2023-03-06
T00457,C057,48.24,completed,2023-04-17
T00458,C058,72.32,pending,2023-05-27
T00459,C059,40.11,failed,2023-05-17
T00460,C060,198.24,pending,2023-06-11
T00461,C061,101.76,completed,2023-04-10
T00462,C062,65.01,completed,2023-12-04
T00463,C063,110.7,completed,2023-11-03
T00464,C064,94.38,completed,2023-05-21
T00465,C065,88.95,failed,2023-03-24
T00466,C066,130.71,completed,2023-06-26
T00467,C067,137.88,completed,2023-07-17
T00468,C068,73.47,completed,2023-04-22
T00469,C069,71.21,completed,2023-02-25
T00470,C070,86.25,failed,2023-06-28
T00471,C071,-15.1,completed,2023-07-05
T00472,C072,24.24,completed,2023-08-06
T00473,C073,168.34,completed,2023-11-12
T00474,C074,182.25,completed,2023-08-05
T00475,C075,87.55,failed,2023-04-30
T00476,C076,128.83,failed,2023-06-24
T00477,C077,115.56,pending,2023-01-23
T00478,C078,-131.7,failed,2023-08-01
T00479,C079,155.98,completed,2023-08-23
T00480,C080,93.6,completed,2023-01-13
T00481,C081,52.22,completed,2023-04-11
T00482,C082,19.68,completed,2023-01-24
T00483,C083,110.17,failed,2023-12-30
T00484,C084,62.18,completed,2023-01-11
T00485,C085,28.89,pending,2023-09-30
T00486,C086,67.67,completed,2023-10-08
T00487,C087,-141.13,completed,2023-04-04
T00488,C088,184.36,completed,2023-07-20
T00489,C089,144.08,failed,2023-01-21
T00490,C090,99.6,completed,2023-12-06
T00491,C091,174.0,completed,2023-07-30
T00492,C092,103.87,completed,2023-05-20
T00493,C093,56.94,completed,2023-10-20
T00494,C094,176.16,completed,2023-10-25
T00495,C095,126.95,failed,2023-04-11
T00496,C096,48.14,completed,2023-10-31
T00497,C097,90.48,completed,2023-12-25
T00498,C098,56.22,completed,2023-01-28
T00499,C099,30.86,completed,2023-02-10
T00500,C000,146.31,failed,2023-12-21
T00501,C001,195.47,completed,2023-10-30
T00502,C002,30.07,completed,2023-05-26
T00503,C003,128.15,completed,2023-09-13
T00504,C004,67.47,pending,2023-08-15
T00505,C005,75.64,failed,2023-08-24
T00506,C006,70.38,completed,2023-12-27
T00507,C007,56.8,completed,2023-01-13
T00508,C008,102.43,completed,2023-07-29
T00509,C009,58.45,failed,2023-08-17
T00510,C010,113.52,completed,2023-04-10
T00511,C011,97.49,completed,2023-01-31
T00512,C012,88.05,completed,2023-01-16
T00513,C013,54.62,completed,2023-05-17
T00514,C014,71.16,completed,2023-11-25
T00515,C015,137.77,failed,2023-06-15
T00516,C016,125.05,completed,2023-11-06
T00517,C017,51.12,completed,2023-04-10
T00518,C018,104.97,completed,2023-04-19
T00519,C019,137.57,pending,2023-12-09
T00520,C020,16.53,completed,2023-06-22
T00521,C021,127.17,failed,2023-08-25
T00522,C022,66.87,completed,2023-06-11
T00523,C023,128.53,completed,2023-08-04
T00524,C024,61.84,completed,2023-09-21
T00525,C025,9.76,completed,2023-09-20
T00526,C026,18.62,completed,2023-10-19
T00527,C027,102.4,failed,2023-10-01
T00528,C028,112.99,completed,2023-01-03
T00529,C029,54.78,completed,2023-01-28
T00530,C030,131.93,completed,2023-11-22
T00531,C031,16.92,pending,2023-05-29
T00532,C032,96.7,failed,2023-01-28
T00533,C033,39.45,completed,2023-11-06
T00534,C034,67.41,pending,2023-03-06
T00535,C035,102.37,completed,2023-12-22
T00536,C036,56.98,completed,2023-01-21
T00537,C037,80.77,failed,2023-09-09
T00538,C038,150.31,failed,2023-08-23
T00539,C039,-77.03,completed,2023-08-15
T00540,C040,141.78,completed,2023-01-13
T00541,C041,43.51,completed,2023-11-09
T00542,C042,126.49,pending,2023-02-18
T00543,C043,172.08,completed,2023-04-28
T00544,C044,-23.58,completed,2023-02-23
T00545,C045,60.16,completed,2023-05-18
T00546,C046,128.85,completed,2023-02-22
T00547,C047,89.85,completed,2023-02-13
T00548,C048,118.56,pending,2023-10-30
T00549,C049,69.8,completed,2023-02-22
T00550,C050,104.33,completed,2023-03-15
T00551,C051,92.22,completed,2023-02-15
T00552,C052,158.39,failed,2023-01-13
T00553,C053,112.72,completed,2023-06-14
T00554,C054,116.88,completed,2023-04-12
T00555,C055,79.41,failed,2023-10-07
T00556,C056,75.62,failed,2023-09-15
T00557,C057,78.37,failed,2023-12-03
T00558,C058,119.72,pending,2023-12-22
T00559,C059,78.95,completed,2023-05-18
T00560,C060,114.49,failed,2023-06-12
T00561,C061,203.77,completed,2023-04-21
T00562,C062,143.56,failed,2023-04-12
T00563,C063,83.7,failed,2023-01-17
T00564,C064,160.06,failed,2023-09-25
T00565,C065,79.6,completed,2023-07-01
T00566,C066,-1.91,completed,2023-01-24
T00567,C067,49.6,completed,2023-01-29
T00568,C068,6.46,pending,2023-06-20
T00569,C069,82.42,pending,2023-08-16
T00570,C070,100.92,completed,2023-07-07
T00571,C071,183.82,completed,2023-12-12
T00572,C072,116.35,completed,2023-08-18
T00573,C073,89.04,failed,2023-11-17
T00574,C074,141.47,failed,2023-12-06
T00575,C075,-10.56,completed,2023-04-29
T00576,C076,111.78,completed,2023-06-05
T00577,C077,138.54,failed,2023-09-29
T00578,C078,26.07,failed,2023-06-24
T00579,C079,157.19,completed,2023-04-14
T00580,C080,116.92,completed,2023-04-02
T00581,C081,79.24,completed,2023-07-05
T00582,C082,131.64,completed,2023-10-10
T00583,,213.53,completed,2023-06-30
T00584,C084,109.09,completed,2023-06-19
T00585,C085,112.41,failed,2023-07-06
T00586,C086,77.03,completed,2023-06-24
T00587,C087,57.51,failed,2023-08-10
T00588,C088,141.52,completed,2023-08-21
T00589,C089,57.2,completed,2023-06-11
T00590,C090,103.58,completed,2023-05-14
T00591,C091,76.12,completed,2023-08-12
T00592,C092,123.95,failed,2023-06-02
T00593,C093,116.68,pending,2023-02-02
T00594,C094,151.88,completed,2023-02-24
T00595,C095,74.5,completed,2023-01-07
T00596,C096,86.51,failed,2023-09-01
T00597,C097,51.06,completed,2023-11-09
T00598,C098,77.79,completed,2023-05-06
T00599,C099,118.87,failed,2023-01-12
T00600,C000,137.85,completed,2023-01-16
T00601,C001,53.89,completed,2023-07-27
T00602,C002,143.48,completed,2023-02-12
T00603,C003,167.78,failed,2023-05-15
T00604,C004,120.67,completed,2023-08-16
T00605,C005,193.84,completed,2023-04-21
T00606,C006,61.31,failed,2023-11-03
T00607,C007,37.77,completed,2023-06-09
T00608,C008,11.06,failed,2023-11-27
T00609,C009,174.8,completed,2023-09-21
T00610,C010,132.72,pending,2023-08-13
T00611,C011,97.22,completed,2023-08-05
T00612,C012,114.0,completed,2023-02-14
T00613,C013,43.73,completed,2023-08-02
T00614,C014,222.29,completed,2023-02-28
T00615,C015,106.46,failed,2023-05-12
T00616,C016,105.47,pending,2023-04-14
T00617,C017,136.29,completed,2023-07-14
T00618,C018,124.05,completed,2023-06-06
T00619,C019,111.19,failed,2023-04-08
T00620,C020,60.48,failed,2023-08-14
T00621,C021,123.57,completed,2023-07-24
T00622,C022,194.1,completed,2023-03-20
T00623,C023,,completed,2023-05-04
T00624,C024,179.66,completed,2023-08-06
T00625,C025,74.44,completed,2023-01-04
T00626,C026,50.52,completed,2023-03-31
T00627,C027,93.71,completed,2023-04-14
T00628,C028,102.79,failed,2023-04-29
T00629,C029,,completed,2023-05-13
T00630,C030,15.38,completed,2023-11-08
T00631,C031,176.48,completed,2023-04-06
T00632,C032,92.1,completed,2023-11-27
T00633,C033,78.66,completed,2023-05-23
T00634,C034,49.39,completed,2023-10-15
T00635,C035,17.26,completed,2023-01-28
T00636,C036,141.16,completed,2023-10-05
T00637,C037,103.67,completed,2023-08-21
T00638,C038,35.5,completed,2023-01-17
T00639,C039,35.25,failed,2023-02-28
T00640,C040,83.21,completed,2023-03-31
T00641,C041,183.45,failed,2023-07-18
T00642,C042,87.02,completed,2023-12-28
T00643,C043,24.84,completed,2023-01-26
T00644,C044,87.71,completed,2023-01-25
T00645,C045,86.36,completed,2023-10-28
T00646,C046,-34.84,failed,2023-12-05
T00647,C047,97.29,failed,2023-09-24
T00648,C048,88.45,failed,2023-06-30
T00649,C049,134.81,completed,2023-12-26
T00650,C050,192.45,completed,2023-03-09
T00651,C051,156.33,completed,2023-12-17
T00652,C052,86.56,completed,2023-11-17
T00653,C053,44.67,completed,2023-02-18
T00654,C054,228.67,completed,2023-06-24
T00655,C055,102.96,completed,2023-02-21
T00656,C056,100.7,completed,2023-04-12
T00657,C057,98.79,failed,2023-08-04
T00658,C058,109.9,pending,2023-07-07
T00659,C059,92.78,pending,2023-02-26
T00660,C060,71.32,completed,2023-02-16
T00661,C061,72.66,completed,2023-06-08
T00662,C062,98.36,completed,2023-06-23
T00663,C063,72.83,failed,2023-08-30
T00664,C064,64.36,completed,2023-10-09
T00665,C065,105.32,completed,2023-08-29
T00666,C066,87.25,failed,2023-01-05
T00667,C067,175.2,completed,2023-03-25
T00668,C068,-32.55,completed,2023-11-04
T00669,C069,154.58,completed,2023-12-27
T00670,C070,162.3,completed,2023-09-05
T00671,C071,-3.67,completed,2023-02-23
T00672,C072,82.87,completed,2023-06-10
T00673,C073,81.43,completed,2023-08-14
T00674,C074,29.62,completed,2023-01-15
T00675,C075,61.11,failed,2023-08-12
T00676,C076,44.47,completed,2023-03-02
T00677,C077,187.61,completed,2023-05-02
T00678,C078,146.78,completed,2023-10-04
T00679,C079,163.58,pending,2023-02-15
T00680,C080,136.08,completed,2023-10-21
T00681,C081,43.55,completed,2023-03-03
T00682,C082,73.77,failed,2023-03-27
T00683,C083,124.47,failed,2023-07-29
T00684,C084,38.89,completed,2023-03-19
T00685,C085,135.65,failed,2023-07-21
T00686,C086,87.98,completed,2023-10-29
T00687,C087,81.26,completed,2023-08-11
T00688,C088,135.55,completed,2023-08-10
T00689,C089,122.21,completed,2023-01-03
T00690,C090,-32.59,failed,2023-01-06
T00691,C091,157.97,completed,2023-04-03
T00692,C092,45.95,completed,2023-01-08
T00693,C093,130.8,failed,2023-08-23
T00694,C094,129.66,failed,2023-04-18
T00695,C095,84.52,completed,2023-06-10
T00696,C096,116.31,completed,2023-07-28
T00697,C097,37.44,completed,2023-08-28
T00698,C098,146.2,failed,2023-11-27
T00699,C099,90.75,completed,2023-11-29
T00700,C000,73.86,pending,2023-02-19
T00701,C001,152.45,completed,2023-01-11
T00702,C002,64.78,completed,2023-12-17
T00703,C003,29.58,completed,2023-06-05
T00704,C004,22.17,completed,2023-03-11
T00705,C005,130.3,completed,2023-06-18
T00706,C006,35.98,pending,2023-09-29
T00707,C007,187.74,completed,2023-03-09
T00708,C008,-4.1,completed,2023-12-21
T00709,C009,184.82,failed,2023-09-09
T00710,C010,110.55,completed,2023-02-17
T00711,C011,95.16,failed,2023-07-03
T00712,C012,72.75,completed,2023-11-16
T00713,C013,119.96,completed,2023-07-06
T00714,C014,98.12,completed,2023-03-31
T00715,C015,155.17,completed,2023-11-28
T00716,C016,105.71,pending,2023-05-19
T00717,C017,,completed,2023-12-23
T00718,C018,81.82,completed,2023-03-30
T00719,C019,97.15,completed,2023-10-01
T00720,C020,115.39,completed,2023-01-19
T00721,C021,14.49,failed,2023-11-07
T00722,C022,32.59,completed,2023-12-24
T00723,C023,137.16,completed,2023-06-03
T00724,C024,108.54,pending,2023-09-17
T00725,C025,90.8,completed,2023-04-18
T00726,C026,100.92,pending,2023-10-12
T00727,C027,117.38,completed,2023-02-28
T00728,C028,73.01,completed,2023-05-05
T00729,C029,61.08,completed,2023-12-20
T00730,C030,109.79,failed,2023-09-30
T00731,C031,51.08,pending,2023-04-17
T00732,C032,120.41,completed,2023-10-26
T00733,C033,14.87,completed,2023-09-02
T00734,C034,151.46,completed,2023-12-02
T00735,C035,123.63,completed,2023-09-04
T00736,C036,112.8,completed,2023-01-08
T00737,C037,149.13,pending,2023-05-21
T00738,C038,183.27,completed,2023-12-28
T00739,C039,150.72,completed,2023-01-08
T00740,C040,7.96,completed,2023-12-18
T00741,C041,36.02,completed,2023-04-04
T00742,C042,68.76,completed,2023-11-17
T00743,C043,101.3,completed,2023-02-08
T00744,C044,125.88,failed,2023-03-22
T00745,C045,63.71,completed,2023-07-06
T00746,C046,109.34,completed,2023-03-25
T00747,C047,62.23,completed,2023-03-29
T00748,C048,69.42,failed,2023-08-30
T00749,C049,29.67,failed,2023-12-08
T00750,C050,53.84,completed,2023-04-03
T00751,C051,32.42,failed,2023-03-27
T00752,C052,51.21,completed,2023-02-13
T00753,C053,152.68,completed,2023-05-17
T00754,C054,52.53,completed,2023-03-15
T00755,C055,231.62,completed,2023-02-05
T00756,C056,124.67,completed,2023-04-11
T00757,C057,109.24,pending,2023-06-05
T00758,C058,57.08,failed,2023-09-12
T00759,C059,135.02,completed,2023-06-20
T00760,C060,71.22,completed,2023-08-04
T00761,,106.1,completed,2023-06-19
T00762,C062,228.0,completed,2023-09-09
T00763,C063,95.2,completed,2023-12-26
T00764,C064,157.46,completed,2023-11-18
T00765,C065,64.84,completed,2023-02-24
T00766,C066,98.25,failed,2023-04-01
T00767,C067,188.54,completed,2023-10-05
T00768,C068,68.65,completed,2023-04-11
T00769,C069,190.62,failed,2023-06-04
T00770,C070,135.39,completed,2023-12-15
T00771,C071,71.88,completed,2023-12-30
T00772,C072,131.62,completed,2023-05-21
T00773,C073,148.63,completed,2023-06-22
T00774,C074,131.09,failed,2023-01-10
T00775,C075,21.49,completed,2023-08-16
T00776,C076,63.64,completed,2023-09-22
T00777,C077,87.62,failed,2023-09-05
T00778,C078,96.28,failed,2023-09-04
T00779,C079,131.03,failed,2023-06-04
T00780,C080,108.89,completed,2023-02-03
T00781,C081,33.23,completed,2023-05-09
T00782,C082,119.01,pending,2023-06-09
T00783,C083,130.53,failed,2023-03-30
T00784,C084,127.99,completed,2023-04-03
T00785,C085,154.04,completed,2023-11-23
T00786,C086,141.7,completed,2023-08-29
T00787,C087,122.96,pending,2023-11-19
T00788,C088,96.49,completed,2023-04-27
T00789,C089,16.95,completed,2023-04-04
T00790,C090,121.48,completed,2023-06-12
T00791,C091,110.38,completed,2023-04-09
T00792,C092,113.58,failed,2023-04-23
T00793,C093,36.16,completed,2023-12-25
T00794,C094,,failed,2023-04-01
T00795,C095,152.66,pending,2023-12-12
T00796,C096,98.02,completed,2023-07-25
T00797,C097,134.08,completed,2023-01-17
T00798,C098,101.42,completed,2023-10-01
T00799,C099,101.49,failed,2023-06-22
T00800,C000,146.91,completed,2023-04-26
T00801,C001,74.2,completed,2023-12-15
T00802,C002,104.81,failed,2023-06-30
T00803,C003,76.89,completed,2023-04-01
T00804,C004,78.28,pending,2023-03-23
T00805,,84.54,completed,2023-11-20
T00806,C006,111.11,completed,2023-04-24
T00807,C007,76.06,completed,2023-09-14
T00808,C008,162.79,failed,2023-02-27
T00809,C009,55.27,completed,2023-06-03
T00810,C010,90.66,failed,2023-12-31
T00811,C011,78.01,pending,2023-04-26
T00812,C012,172.35,completed,2023-12-09
T00813,C013,109.83,pending,2023-09-23
T00814,C014,151.59,completed,2023-11-11
T00815,C015,25.72,completed,2023-07-22
T00816,C016,113.35,completed,2023-02-10
T00817,C017,144.48,failed,2023-04-15
T00818,C018,104.11,completed,2023-07-12
T00819,C019,153.27,completed,2023-10-05
T00820,C020,74.14,completed,2023-12-20
T00821,C021,170.47,completed,2023-08-25
T00822,C022,214.94,completed,2023-08-09
T00823,C023,81.86,failed,2023-03-09
T00824,C024,77.72,failed,2023-07-16
T00825,C025,172.67,completed,2023-09-13
T00826,C026,178.98,pending,2023-05-19
T00827,,73.86,completed,2023-11-08
T00828,C028,78.99,pending,2023-05-29
T00829,C029,85.91,completed,2023-04-09
T00830,C030,32.78,completed,2023-03-17
T00831,C031,54.07,completed,2023-10-09
T00832,C032,49.79,failed,2023-04-19
T00833,C033,61.61,completed,2023-07-07
T00834,C034,98.27,completed,2023-07-18
T00835,C035,111.71,completed,2023-10-30
T00836,C036,177.53,completed,2023-11-23
T00837,C037,50.08,completed,2023-06-03
T00838,C038,149.22,failed,2023-02-09
T00839,C039,89.3,failed,2023-05-13
T00840,C040,97.53,completed,2023-05-12
T00841,C041,133.74,failed,2023-10-06
T00842,C042,43.86,completed,2023-12-28
T00843,C043,119.12,failed,2023-03-25
T00844,C044,108.32,failed,2023-08-30
T00845,C045,124.62,completed,2023-04-26
T00846,C046,114.46,failed,2023-04-19
T00847,C047,222.77,completed,2023-08-09
T00848,C048,68.11,completed,2023-02-10
T00849,C049,73.45,failed,2023-05-27
T00850,C050,68.84,completed,2023-04-22
T00851,C051,72.23,completed,2023-04-13
T00852,C052,68.13,completed,2023-02-15
T00853,C053,159.45,failed,2023-11-20
T00854,C054,-105.68,completed,2023-09-28
T00855,C055,71.46,completed,2023-07-14
T00856,C056,58.38,failed,2023-10-07
T00857,C057,-191.57,failed,2023-10-10
T00858,C058,72.39,completed,2023-02-09
T00859,C059,131.65,completed,2023-07-08
T00860,C060,110.15,completed,2023-06-13
T00861,C061,24.21,completed,2023-01-24
T00862,C062,177.38,completed,2023-01-24
T00863,C063,189.79,failed,2023-01-04
T00864,C064,69.36,completed,2023-11-19
T00865,C065,80.61,completed,2023-10-17
T00866,C066,114.29,completed,2023-06-30
T00867,C067,116.72,failed,2023-09-05
T00868,C068,132.93,completed,2023-04-26
T00869,C069,200.51,pending,2023-10-06
T00870,C070,91.15,completed,2023-12-31
T00871,C071,60.09,completed,2023-03-10
T00872,C072,31.03,completed,2023-12-17
T00873,C073,63.45,completed,2023-09-11
T00874,C074,98.34,completed,2023-06-30
T00875,C075,189.73,completed,2023-11-14
T00876,C076,74.12,completed,2023-06-18
T00877,C077,111.19,failed,2023-11-09
T00878,C078,99.18,completed,2023-09-06
T00879,C079,159.42,failed,2023-07-07
T00880,C080,226.35,completed,2023-02-23
T00881,C081,73.46,completed,2023-11-22
T00882,C082,75.53,completed,2023-12-23
T00883,C083,152.21,completed,2023-11-09
T00884,C084,134.09,completed,2023-05-18
T00885,C085,192.34,completed,2023-06-17
T00886,C086,129.2,completed,2023-04-13
T00887,C087,82.04,completed,2023-03-26
T00888,C088,129.53,completed,2023-11-13
T00889,C089,155.44,pending,2023-07-31
T00890,C090,141.02,failed,2023-01-03
T00891,C091,125.36,failed,2023-06-28
T00892,C092,153.33,failed,2023-12-08
T00893,C093,158.46,completed,2023-10-30
T00894,C094,169.11,completed,2023-11-28
T00895,C095,132.44,pending,2023-02-07
T00896,C096,91.64,completed,2023-08-27
T00897,C097,107.34,completed,2023-06-18
T00898,C098,160.33,completed,2023-12-09
T00899,C099,59.15,completed,2023-11-10
T00900,C000,118.43,completed,2023-11-02
T00901,C001,80.33,failed,2023-01-30
T00902,C002,101.44,completed,2023-07-09
T00903,C003,163.92,completed,2023-12-23
T00904,C004,109.55,pending,2023-01-25
T00905,C005,-53.01,completed,2023-04-22
T00906,C006,32.01,completed,2023-07-25
T00907,C007,137.31,completed,2023-07-04
T00908,C008,132.27,failed,2023-02-16
T00909,C009,208.16,pending,2023-08-16
T00910,C010,84.61,completed,2023-02-08
T00911,C011,110.96,failed,2023-01-16
T00912,C012,112.47,completed,2023-01-22
T00913,C013,178.87,pending,2023-08-01
T00914,C014,95.24,failed,2023-11-06
T00915,C015,113.95,failed,2023-05-29
T00916,C016,130.39,completed,2023-08-29
T00917,C017,109.33,pending,2023-09-29
T00918,C018,77.68,failed,2023-02-28
T00919,C019,109.7,completed,2023-10-14
T00920,C020,153.68,failed,2023-07-21
T00921,C021,48.67,completed,2023-02-01
T00922,C022,106.65,failed,2023-06-11
T00923,C023,64.99,completed,2023-09-12
T00924,C024,159.75,failed,2023-09-11
T00925,C025,23.84,completed,2023-01-09
T00926,C026,72.05,completed,2023-05-19
T00927,C027,118.86,completed,2023-01-10
T00928,C028,178.28,completed,2023-08-02
T00929,C029,96.71,completed,2023-09-30
T00930,C030,72.24,completed,2023-11-20
T00931,C031,194.06,completed,2023-02-17
T00932,C032,27.6,completed,2023-04-21
T00933,C033,-9.94,completed,2023-06-02
T00934,C034,122.0,failed,2023-05-03
T00935,C035,74.9,completed,2023-12-23
T00936,C036,48.94,pending,2023-04-12
T00937,C037,135.42,failed,2023-08-29
T00938,C038,112.19,completed,2023-11-17
T00939,C039,71.8,completed,2023-07-10
T00940,C040,35.98,failed,2023-08-05
T00941,C041,143.62,completed,2023-02-20
T00942,C042,132.51,completed,2023-10-19
T00943,C043,95.04,completed,2023-03-22
T00944,C044,192.33,failed,2023-03-29
T00945,C045,46.5,completed,2023-07-13
T00946,C046,23.72,completed,2023-04-14
T00947,C047,65.4,pending,2023-09-28
T00948,C048,97.72,failed,2023-04-06
T00949,C049,112.17,completed,2023-07-17
T00950,C050,87.94,completed,2023-01-01
T00951,C051,117.6,failed,2023-06-16
T00952,,37.42,completed,2023-05-06
T00953,C053,172.19,completed,2023-11-09
T00954,C054,95.89,completed,2023-03-22
T00955,C055,155.86,pending,2023-09-08
T00956,C056,117.14,completed,2023-06-18
T00957,C057,122.84,failed,2023-03-14
T00958,C058,128.49,failed,2023-05-21
T00959,C059,122.39,completed,2023-03-11
T00960,C060,132.14,completed,2023-09-19
T00961,C061,166.46,completed,2023-12-06
T00962,C062,109.83,completed,2023-11-04
T00963,C063,135.45,completed,2023-09-02
T00964,C064,95.51,failed,2023-01-03
T00965,C065,172.01,completed,2023-12-03
T00966,C066,66.18,failed,2023-03-04
T00967,C067,190.05,completed,2023-02-18
T00968,C068,-203.04,completed,2023-03-17
T00969,C069,28.46,completed,2023-06-24
T00970,C070,106.41,completed,2023-04-19
T00971,C071,65.95,failed,2023-07-02
T00972,C072,142.03,completed,2023-07-11
T00973,C073,67.37,completed,2023-03-06
T00974,C074,77.69,completed,2023-12-03
T00975,C075,5.52,completed,2023-09-28
T00976,C076,77.38,completed,2023-04-10
T00977,C077,-21.19,completed,2023-02-01
T00978,C078,20.8,pending,2023-12-18
T00979,C079,138.02,completed,2023-05-08
T00980,C080,139.29,failed,2023-12-05
T00981,C081,121.27,completed,2023-02-12
T00982,C082,51.65,completed,2023-03-19
T00983,C083,97.61,completed,2023-11-10
T00984,C084,99.82,completed,2023-10-16
T00985,C085,42.08,completed,2023-09-27
T00986,C086,175.17,completed,2023-06-11
T00987,C087,143.87,completed,2023-07-08
T00988,C088,88.95,completed,2023-09-04
T00989,C089,101.34,completed,2023-08-04
T00990,C090,110.42,pending,2023-11-11
T00991,C091,-2.09,completed,2023-12-05
T00992,C092,87.64,completed,2023-06-17
T00993,C093,65.9,completed,2023-12-05
T00994,C094,49.92,completed,2023-07-12
T00995,C095,85.94,completed,2023-10-10
T00996,C096,189.88,completed,2023-12-02
T00997,C097,132.04,completed,2023-01-13
T00998,C098,71.44,completed,2023-08-28
T00999,C099,128.63,completed,2023-11-16
